Workbook

Sheet 封面

Sheet 基础信息表
A1: 成品信息 | E1: 原料信息
A2: 成品编号 | B2: 成品名称 | C2: 售价 | E2: 原料编号 | F2: 原料名称 | G2: 单价 | H2: 最低库存 | I2: 最高库存
A3: GP1001 | B3: 成品1 | E3: YL1001 | F3: 原料1 | H3: 10 | I3: 100
A4: GP1002 | B4: 成品2 | E4: YL1002 | F4: 原料2 | H4: 10 | I4: 100
A5: GP1003 | B5: 成品3 | E5: YL1003 | F5: 原料3 | H5: 10 | I5: 100
A6: GP1004 | B6: 成品4 | E6: YL1004 | F6: 原料4 | H6: 10 | I6: 100
A7: GP1005 | B7: 成品5 | E7: YL1005 | F7: 原料5 | H7: 10 | I7: 100
A8: GP1006 | B8: 成品6 | E8: YL1006 | F8: 原料6 | H8: 10 | I8: 100
A9: GP1007 | B9: 成品7 | E9: YL1007 | F9: 原料7 | H9: 10 | I9: 100
A10: GP1008 | B10: 成品8 | E10: YL1008 | F10: 原料8 | H10: 10 | I10: 100
A11: GP1009 | B11: 成品9 | E11: YL1009 | F11: 原料9 | H11: 10 | I11: 100
A12: GP1010 | B12: 成品10 | E12: YL1010 | F12: 原料10 | H12: 10 | I12: 100

Sheet BOM清单
A1: BOM清单 | L1: 辅助计算（请勿动）
A2: 成品编号 | B2: 成品名称 | C2: 原材料编号 | D2: 原材料名称 | E2: 原材料数量 | F2: 最新单价 | G2: 金额 | H2: 损耗率 | I2: 成本 | J2: 备注 | L2: 成品出库数量 | M2: 所需原料数量
A3: GP1001 | B3: =IFERROR(VLOOKUP(A3,基础信息表!A:B,2,0),"") -> 成品1 | C3: YL1001 | D3: =IFERROR(VLOOKUP(C3,基础信息表!E:F,2,0),"") -> 原料1 | E3: 2 | G3: =E3*$F3 -> 0 | I3: =E3*$F3*(1+H3) -> 0 | L3: =SUMIFS(成品出入库表!J:J,成品出入库表!H:H,BOM清单!A3) -> 33 | M3: =L3*E3 -> 66
A4: GP1001 | B4: =IFERROR(VLOOKUP(A4,基础信息表!A:B,2,0),"") -> 成品1 | C4: YL1001 | D4: =IFERROR(VLOOKUP(C4,基础信息表!E:F,2,0),"") -> 原料1 | E4: 2 | G4: =E4*$F4 -> 0 | I4: =E4*$F4*(1+H4) -> 0 | L4: =SUMIFS(成品出入库表!J:J,成品出入库表!H:H,BOM清单!A4) -> 33 | M4: =L4*E4 -> 66
A5: GP1001 | B5: =IFERROR(VLOOKUP(A5,基础信息表!A:B,2,0),"") -> 成品1 | C5: YL1003 | D5: =IFERROR(VLOOKUP(C5,基础信息表!E:F,2,0),"") -> 原料3 | E5: 2 | G5: =E5*$F5 -> 0 | I5: =E5*$F5*(1+H5) -> 0 | L5: =SUMIFS(成品出入库表!J:J,成品出入库表!H:H,BOM清单!A5) -> 33 | M5: =L5*E5 -> 66
A6: GP1001 | B6: =IFERROR(VLOOKUP(A6,基础信息表!A:B,2,0),"") -> 成品1 | C6: YL1004 | D6: =IFERROR(VLOOKUP(C6,基础信息表!E:F,2,0),"") -> 原料4 | E6: 2 | G6: =E6*$F6 -> 0 | I6: =E6*$F6*(1+H6) -> 0 | L6: =SUMIFS(成品出入库表!J:J,成品出入库表!H:H,BOM清单!A6) -> 33 | M6: =L6*E6 -> 66
A7: GP1001 | B7: =IFERROR(VLOOKUP(A7,基础信息表!A:B,2,0),"") -> 成品1 | C7: YL1005 | D7: =IFERROR(VLOOKUP(C7,基础信息表!E:F,2,0),"") -> 原料5 | E7: 2 | G7: =E7*$F7 -> 0 | I7: =E7*$F7*(1+H7) -> 0 | L7: =SUMIFS(成品出入库表!J:J,成品出入库表!H:H,BOM清单!A7) -> 33 | M7: =L7*E7 -> 66
A8: GP1001 | B8: =IFERROR(VLOOKUP(A8,基础信息表!A:B,2,0),"") -> 成品1 | C8: YL1006 | D8: =IFERROR(VLOOKUP(C8,基础信息表!E:F,2,0),"") -> 原料6 | E8: 2 | G8: =E8*$F8 -> 0 | I8: =E8*$F8*(1+H8) -> 0 | L8: =SUMIFS(成品出入库表!J:J,成品出入库表!H:H,BOM清单!A8) -> 33 | M8: =L8*E8 -> 66
A9: GP1001 | B9: =IFERROR(VLOOKUP(A9,基础信息表!A:B,2,0),"") -> 成品1 | C9: YL1007 | D9: =IFERROR(VLOOKUP(C9,基础信息表!E:F,2,0),"") -> 原料7 | E9: 2 | G9: =E9*$F9 -> 0 | I9: =E9*$F9*(1+H9) -> 0 | L9: =SUMIFS(成品出入库表!J:J,成品出入库表!H:H,BOM清单!A9) -> 33 | M9: =L9*E9 -> 66
B10: =IFERROR(VLOOKUP(A10,基础信息表!A:B,2,0),"") | D10: =IFERROR(VLOOKUP(C10,基础信息表!E:F,2,0),"") | I10: =E10*$F10*(1+H10) -> 0 | L10: =SUMIFS(成品出入库表!J:J,成品出入库表!H:H,BOM清单!A10) -> 0 | M10: =L10*E10 -> 0
B11: =IFERROR(VLOOKUP(A11,基础信息表!A:B,2,0),"") | D11: =IFERROR(VLOOKUP(C11,基础信息表!E:F,2,0),"") | L11: =SUMIFS(成品出入库表!J:J,成品出入库表!H:H,BOM清单!A11) -> 0 | M11: =L11*E11 -> 0
B12: =IFERROR(VLOOKUP(A12,基础信息表!A:B,2,0),"") | D12: =IFERROR(VLOOKUP(C12,基础信息表!E:F,2,0),"") | L12: =SUMIFS(成品出入库表!J:J,成品出入库表!H:H,BOM清单!A12) -> 0 | M12: =L12*E12 -> 0
B13: =IFERROR(VLOOKUP(A13,基础信息表!A:B,2,0),"") | D13: =IFERROR(VLOOKUP(C13,基础信息表!E:F,2,0),"") | L13: =SUMIFS(成品出入库表!J:J,成品出入库表!H:H,BOM清单!A13) -> 0 | M13: =L13*E13 -> 0
B14: =IFERROR(VLOOKUP(A14,基础信息表!A:B,2,0),"") | D14: =IFERROR(VLOOKUP(C14,基础信息表!E:F,2,0),"") | L14: =SUMIFS(成品出入库表!J:J,成品出入库表!H:H,BOM清单!A14) -> 0 | M14: =L14*E14 -> 0
B15: =IFERROR(VLOOKUP(A15,基础信息表!A:B,2,0),"") | D15: =IFERROR(VLOOKUP(C15,基础信息表!E:F,2,0),"") | L15: =SUMIFS(成品出入库表!J:J,成品出入库表!H:H,BOM清单!A15) -> 0 | M15: =L15*E15 -> 0
B16: =IFERROR(VLOOKUP(A16,基础信息表!A:B,2,0),"") | D16: =IFERROR(VLOOKUP(C16,基础信息表!E:F,2,0),"") | L16: =SUMIFS(成品出入库表!J:J,成品出入库表!H:H,BOM清单!A16) -> 0 | M16: =L16*E16 -> 0
B17: =IFERROR(VLOOKUP(A17,基础信息表!A:B,2,0),"") | D17: =IFERROR(VLOOKUP(C17,基础信息表!E:F,2,0),"") | L17: =SUMIFS(成品出入库表!J:J,成品出入库表!H:H,BOM清单!A17) -> 0 | M17: =L17*E17 -> 0
B18: =IFERROR(VLOOKUP(A18,基础信息表!A:B,2,0),"") | D18: =IFERROR(VLOOKUP(C18,基础信息表!E:F,2,0),"") | L18: =SUMIFS(成品出入库表!J:J,成品出入库表!H:H,BOM清单!A18) -> 0 | M18: =L18*E18 -> 0
B19: =IFERROR(VLOOKUP(A19,基础信息表!A:B,2,0),"") | D19: =IFERROR(VLOOKUP(C19,基础信息表!E:F,2,0),"") | L19: =SUMIFS(成品出入库表!J:J,成品出入库表!H:H,BOM清单!A19) -> 0 | M19: =L19*E19 -> 0
B20: =IFERROR(VLOOKUP(A20,基础信息表!A:B,2,0),"") | D20: =IFERROR(VLOOKUP(C20,基础信息表!E:F,2,0),"") | L20: =SUMIFS(成品出入库表!J:J,成品出入库表!H:H,BOM清单!A20) -> 0 | M20: =L20*E20 -> 0
B21: =IFERROR(VLOOKUP(A21,基础信息表!A:B,2,0),"") | D21: =IFERROR(VLOOKUP(C21,基础信息表!E:F,2,0),"") | L21: =SUMIFS(成品出入库表!J:J,成品出入库表!H:H,BOM清单!A21) -> 0 | M21: =L21*E21 -> 0
B22: =IFERROR(VLOOKUP(A22,基础信息表!A:B,2,0),"") | D22: =IFERROR(VLOOKUP(C22,基础信息表!E:F,2,0),"") | L22: =SUMIFS(成品出入库表!J:J,成品出入库表!H:H,BOM清单!A22) -> 0 | M22: =L22*E22 -> 0
... B186: =IFERROR(VLOOKUP(A186,基础信息表!A:B,2,0),"") | D186: =IFERROR(VLOOKUP(C186,基础信息表!E:F,2,0),"") | L186: =SUMIFS(成品出入库表!J:J,成品出入库表!H:H,BOM清单!A186) -> 0 | M186: =L186*E186 -> 0
L187: =SUMIFS(成品出入库表!J:J,成品出入库表!H:H,BOM清单!A187) -> 0 | M187: =L187*E187 -> 0

Sheet 原材料出入库表
A1: 原材料出入库登记表
A2: 序号 | B2: 年份 | C2: 时间 | D2: 类型 | E2: 对应产品编码 | F2: 原材料编号 | G2: 原材料名称 | H2: 规格型号 | I2: 数量 | J2: 单价 | K2: 金额 | L2: 备注
A3: 1 | B3: =TEXT(C3,"yyyy") -> 2026 | C3: 46156 | D3: 采购入库 | F3: YL1001 | G3: =IFERROR(VLOOKUP(F3,基础信息表!E:F,2,0),"") -> 原料1 | I3: 200 | K3: =I3*J3 -> 0
A4: 2 | B4: =TEXT(C4,"yyyy") -> 2026 | C4: 46156 | D4: 报损出库（需要走报损流程） | F4: YL1001 | G4: =IFERROR(VLOOKUP(F4,基础信息表!E:F,2,0),"") -> 原料1 | I4: 20
A5: 3 | B5: =TEXT(C5,"yyyy") -> 2026 | C5: 46156 | D5: 生产出库 | F5: YL1003 | G5: =IFERROR(VLOOKUP(F5,基础信息表!E:F,2,0),"") -> 原料3 | I5: 20
A6: 4 | B6: =TEXT(C6,"yyyy") -> 2026 | C6: 46156 | D6: 退货出库 | F6: YL1004 | G6: =IFERROR(VLOOKUP(F6,基础信息表!E:F,2,0),"") -> 原料4 | I6: 20
A7: 5 | B7: =TEXT(C7,"yyyy") -> 2026 | C7: 46156 | D7: 报损出库（需要走报损流程） | F7: YL1005 | G7: =IFERROR(VLOOKUP(F7,基础信息表!E:F,2,0),"") -> 原料5 | I7: 20
A8: 6 | B8: =TEXT(C8,"yyyy") -> 2026 | C8: 46156 | F8: YL1006 | G8: =IFERROR(VLOOKUP(F8,基础信息表!E:F,2,0),"") -> 原料6 | I8: 20
A9: 7 | B9: =TEXT(C9,"yyyy") -> 2026 | C9: 46156 | F9: YL1007 | G9: =IFERROR(VLOOKUP(F9,基础信息表!E:F,2,0),"") -> 原料7 | I9: 20
A10: 8 | B10: =TEXT(C10,"yyyy") -> 2026 | C10: 46156 | F10: YL1008 | G10: =IFERROR(VLOOKUP(F10,基础信息表!E:F,2,0),"") -> 原料8 | I10: 20
A11: 9 | B11: =TEXT(C11,"yyyy") -> 2026 | C11: 46156 | D11: 采购入库 | F11: YL1009 | G11: =IFERROR(VLOOKUP(F11,基础信息表!E:F,2,0),"") -> 原料9 | I11: 20
A12: 10 | B12: =TEXT(C12,"yyyy") -> 2026 | C12: 46156 | D12: 退货出库 | F12: YL1007 | G12: =IFERROR(VLOOKUP(F12,基础信息表!E:F,2,0),"") -> 原料7 | I12: 100
A13: 11 | B13: =TEXT(C13,"yyyy") -> 1900 | G13: =IFERROR(VLOOKUP(F13,基础信息表!E:F,2,0),"")
A14: 12 | B14: =TEXT(C14,"yyyy") -> 1900 | G14: =IFERROR(VLOOKUP(F14,基础信息表!E:F,2,0),"")
A15: 13 | B15: =TEXT(C15,"yyyy") -> 1900 | G15: =IFERROR(VLOOKUP(F15,基础信息表!E:F,2,0),"")
A16: 14 | B16: =TEXT(C16,"yyyy") -> 1900 | G16: =IFERROR(VLOOKUP(F16,基础信息表!E:F,2,0),"")
A17: 15 | B17: =TEXT(C17,"yyyy") -> 1900 | G17: =IFERROR(VLOOKUP(F17,基础信息表!E:F,2,0),"")
A18: 16 | B18: =TEXT(C18,"yyyy") -> 1900 | G18: =IFERROR(VLOOKUP(F18,基础信息表!E:F,2,0),"")
A19: 17 | B19: =TEXT(C19,"yyyy") -> 1900 | G19: =IFERROR(VLOOKUP(F19,基础信息表!E:F,2,0),"")
A20: 18 | B20: =TEXT(C20,"yyyy") -> 1900 | G20: =IFERROR(VLOOKUP(F20,基础信息表!E:F,2,0),"")
A21: 19 | B21: =TEXT(C21,"yyyy") -> 1900 | G21: =IFERROR(VLOOKUP(F21,基础信息表!E:F,2,0),"")
A22: 20 | B22: =TEXT(C22,"yyyy") -> 1900 | G22: =IFERROR(VLOOKUP(F22,基础信息表!E:F,2,0),"")
A23: 21 | B23: =TEXT(C23,"yyyy") -> 1900 | G23: =IFERROR(VLOOKUP(F23,基础信息表!E:F,2,0),"")
A24: 22 | B24: =TEXT(C24,"yyyy") -> 1900 | G24: =IFERROR(VLOOKUP(F24,基础信息表!E:F,2,0),"")
... A61: 59 | B61: =TEXT(C61,"yyyy") -> 1900 | G61: =IFERROR(VLOOKUP(F61,基础信息表!E:F,2,0),"")

Sheet 成品出入库表
A1: 成品出入库登记表
A2: 序号 | B2: 年份 | C2: 时间 | D2: 类型 | E2: 平台 | F2: 客户名称 | G2: 回购 | H2: 成品编号 | I2: 成品名称 | J2: 数量 | K2: 售价 | L2: 应收金额 | M2: 回款日期 | N2: 备注
A3: 1 | B3: =TEXT(C3,"yyyy") -> 2026 | C3: 46155 | D3: 销售出库 | E3: 淘宝 | H3: GP1001 | I3: =IFERROR(VLOOKUP(H3,基础信息表!A:E,2,0),"") -> 成品1 | J3: 10 | L3: =J3*K3 -> 0
A4: 2 | B4: =TEXT(C4,"yyyy") -> 1900 | D4: 退货入库 | H4: GP1001 | I4: =IFERROR(VLOOKUP(H4,基础信息表!A:E,2,0),"") -> 成品1 | J4: 10 | L4: =J4*K4 -> 0
A5: 3 | B5: =TEXT(C5,"yyyy") -> 1900 | D5: 领用出库 | H5: GP1001 | I5: =IFERROR(VLOOKUP(H5,基础信息表!A:E,2,0),"") -> 成品1 | J5: 5 | L5: =J5*K5 -> 0
A6: 4 | B6: =TEXT(C6,"yyyy") -> 1900 | D6: 报损出库 | H6: GP1001 | I6: =IFERROR(VLOOKUP(H6,基础信息表!A:E,2,0),"") -> 成品1 | J6: 8 | L6: =J6*K6 -> 0
A7: 5 | B7: =TEXT(C7,"yyyy") -> 1900 | I7: =IFERROR(VLOOKUP(H7,基础信息表!A:E,2,0),"") | L7: =J7*K7 -> 0
A8: 6 | B8: =TEXT(C8,"yyyy") -> 1900 | I8: =IFERROR(VLOOKUP(H8,基础信息表!A:E,2,0),"") | L8: =J8*K8 -> 0
A9: 7 | B9: =TEXT(C9,"yyyy") -> 1900 | I9: =IFERROR(VLOOKUP(H9,基础信息表!A:E,2,0),"") | L9: =J9*K9 -> 0
A10: 8 | B10: =TEXT(C10,"yyyy") -> 1900 | I10: =IFERROR(VLOOKUP(H10,基础信息表!A:E,2,0),"") | L10: =J10*K10 -> 0
A11: 9 | B11: =TEXT(C11,"yyyy") -> 1900 | I11: =IFERROR(VLOOKUP(H11,基础信息表!A:E,2,0),"") | L11: =J11*K11 -> 0
A12: 10 | B12: =TEXT(C12,"yyyy") -> 1900 | I12: =IFERROR(VLOOKUP(H12,基础信息表!A:E,2,0),"") | L12: =J12*K12 -> 0
A13: 11 | B13: =TEXT(C13,"yyyy") -> 1900 | I13: =IFERROR(VLOOKUP(H13,基础信息表!A:E,2,0),"") | L13: =J13*K13 -> 0
A14: 12 | B14: =TEXT(C14,"yyyy") -> 1900 | I14: =IFERROR(VLOOKUP(H14,基础信息表!A:E,2,0),"") | L14: =J14*K14 -> 0
A15: 13 | B15: =TEXT(C15,"yyyy") -> 1900 | I15: =IFERROR(VLOOKUP(H15,基础信息表!A:E,2,0),"") | L15: =J15*K15 -> 0
A16: 14 | B16: =TEXT(C16,"yyyy") -> 1900 | I16: =IFERROR(VLOOKUP(H16,基础信息表!A:E,2,0),"") | L16: =J16*K16 -> 0
A17: 15 | B17: =TEXT(C17,"yyyy") -> 1900 | I17: =IFERROR(VLOOKUP(H17,基础信息表!A:E,2,0),"") | L17: =J17*K17 -> 0
A18: 16 | B18: =TEXT(C18,"yyyy") -> 1900 | I18: =IFERROR(VLOOKUP(H18,基础信息表!A:E,2,0),"") | L18: =J18*K18 -> 0
... A63: 61 | B63: =TEXT(C63,"yyyy") -> 1900 | I63: =IFERROR(VLOOKUP(H63,基础信息表!A:E,2,0),"") | L63: =J63*K63 -> 0

Sheet 原材料库存表
A1: 原材料库存表（自动）
A2: 原材料编号 | B2: 原材料名称 | C2: 入库数量 | D2: 出库数量 | E2: 现有库存 | F2: 最低预警 | G2: 最高预警 | H2: 备注
A3: =基础信息表!E3 -> YL1001 | B3: =基础信息表!F3 -> 原料1 | C3: =SUMIFS(原材料出入库表!I:I,原材料出入库表!F:F,A3,原材料出入库表!D:D,"采购入库") -> 200 | D3: =SUMIFS(原材料出入库表!I:I,原材料出入库表!F:F,A3,原材料出入库表!D:D,"生产出库")+SUMIFS(原材料出入库表!I:I,原材料出入库表!F:F,A3,原材料出入库表!D:D,"退货出库")+SUMIFS(原材料出入库表!I:I,原材料出入库表!F:F,A3,原材料出入库表!D:D,"报损出库（需要走报损流程）") -> 20 | E3: =C3-D3 -> 180 | F3: =IFERROR(IF(E3<=VLOOKUP(A3,基础信息表!E:I,3,0),"警告：库存过低，请及时补充库存",""),"") | G3: =IFERROR(IF(E3>=VLOOKUP(A3,基础信息表!E:I,4,0),"预警：库存过高，请及时去库存",""),"") -> 预警：库存过高，请及时去库存
A4: =基础信息表!E4 -> YL1002 | B4: =基础信息表!F4 -> 原料2 | C4: =SUMIFS(原材料出入库表!I:I,原材料出入库表!F:F,A4,原材料出入库表!D:D,"采购入库") -> 0 | D4: =SUMIFS(原材料出入库表!I:I,原材料出入库表!F:F,A4,原材料出入库表!D:D,"生产出库")+SUMIFS(原材料出入库表!I:I,原材料出入库表!F:F,A4,原材料出入库表!D:D,"退货出库")+SUMIFS(原材料出入库表!I:I,原材料出入库表!F:F,A4,原材料出入库表!D:D,"报损出库（需要走报损流程）") -> 0 | E4: =C4-D4 -> 0 | F4: =IFERROR(IF(E4<=VLOOKUP(A4,基础信息表!E:I,3,0),"警告：库存过低，请及时补充库存",""),"") -> 警告：库存过低，请及时补充库存 | G4: =IFERROR(IF(E4>=VLOOKUP(A4,基础信息表!E:I,4,0),"预警：库存过高，请及时去库存",""),"")
A5: =基础信息表!E5 -> YL1003 | B5: =基础信息表!F5 -> 原料3 | C5: =SUMIFS(原材料出入库表!I:I,原材料出入库表!F:F,A5,原材料出入库表!D:D,"采购入库") -> 0 | D5: =SUMIFS(原材料出入库表!I:I,原材料出入库表!F:F,A5,原材料出入库表!D:D,"生产出库")+SUMIFS(原材料出入库表!I:I,原材料出入库表!F:F,A5,原材料出入库表!D:D,"退货出库")+SUMIFS(原材料出入库表!I:I,原材料出入库表!F:F,A5,原材料出入库表!D:D,"报损出库（需要走报损流程）") -> 20 | E5: =C5-D5 -> -20 | F5: =IFERROR(IF(E5<=VLOOKUP(A5,基础信息表!E:I,3,0),"警告：库存过低，请及时补充库存",""),"") -> 警告：库存过低，请及时补充库存 | G5: =IFERROR(IF(E5>=VLOOKUP(A5,基础信息表!E:I,4,0),"预警：库存过高，请及时去库存",""),"")
A6: =基础信息表!E6 -> YL1004 | B6: =基础信息表!F6 -> 原料4 | C6: =SUMIFS(原材料出入库表!I:I,原材料出入库表!F:F,A6,原材料出入库表!D:D,"采购入库") -> 0 | D6: =SUMIFS(原材料出入库表!I:I,原材料出入库表!F:F,A6,原材料出入库表!D:D,"生产出库")+SUMIFS(原材料出入库表!I:I,原材料出入库表!F:F,A6,原材料出入库表!D:D,"退货出库")+SUMIFS(原材料出入库表!I:I,原材料出入库表!F:F,A6,原材料出入库表!D:D,"报损出库（需要走报损流程）") -> 20 | E6: =C6-D6 -> -20 | F6: =IFERROR(IF(E6<=VLOOKUP(A6,基础信息表!E:I,3,0),"警告：库存过低，请及时补充库存",""),"") -> 警告：库存过低，请及时补充库存 | G6: =IFERROR(IF(E6>=VLOOKUP(A6,基础信息表!E:I,4,0),"预警：库存过高，请及时去库存",""),"")
A7: =基础信息表!E7 -> YL1005 | B7: =基础信息表!F7 -> 原料5 | C7: =SUMIFS(原材料出入库表!I:I,原材料出入库表!F:F,A7,原材料出入库表!D:D,"采购入库") -> 0 | D7: =SUMIFS(原材料出入库表!I:I,原材料出入库表!F:F,A7,原材料出入库表!D:D,"生产出库")+SUMIFS(原材料出入库表!I:I,原材料出入库表!F:F,A7,原材料出入库表!D:D,"退货出库")+SUMIFS(原材料出入库表!I:I,原材料出入库表!F:F,A7,原材料出入库表!D:D,"报损出库（需要走报损流程）") -> 20 | E7: =C7-D7 -> -20 | F7: =IFERROR(IF(E7<=VLOOKUP(A7,基础信息表!E:I,3,0),"警告：库存过低，请及时补充库存",""),"") -> 警告：库存过低，请及时补充库存 | G7: =IFERROR(IF(E7>=VLOOKUP(A7,基础信息表!E:I,4,0),"预警：库存过高，请及时去库存",""),"")
A8: =基础信息表!E8 -> YL1006 | B8: =基础信息表!F8 -> 原料6 | C8: =SUMIFS(原材料出入库表!I:I,原材料出入库表!F:F,A8,原材料出入库表!D:D,"采购入库") -> 0 | D8: =SUMIFS(原材料出入库表!I:I,原材料出入库表!F:F,A8,原材料出入库表!D:D,"生产出库")+SUMIFS(原材料出入库表!I:I,原材料出入库表!F:F,A8,原材料出入库表!D:D,"退货出库")+SUMIFS(原材料出入库表!I:I,原材料出入库表!F:F,A8,原材料出入库表!D:D,"报损出库（需要走报损流程）") -> 0 | E8: =C8-D8 -> 0 | F8: =IFERROR(IF(E8<=VLOOKUP(A8,基础信息表!E:I,3,0),"警告：库存过低，请及时补充库存",""),"") -> 警告：库存过低，请及时补充库存 | G8: =IFERROR(IF(E8>=VLOOKUP(A8,基础信息表!E:I,4,0),"预警：库存过高，请及时去库存",""),"")
A9: =基础信息表!E9 -> YL1007 | B9: =基础信息表!F9 -> 原料7 | C9: =SUMIFS(原材料出入库表!I:I,原材料出入库表!F:F,A9,原材料出入库表!D:D,"采购入库") -> 0 | D9: =SUMIFS(原材料出入库表!I:I,原材料出入库表!F:F,A9,原材料出入库表!D:D,"生产出库")+SUMIFS(原材料出入库表!I:I,原材料出入库表!F:F,A9,原材料出入库表!D:D,"退货出库")+SUMIFS(原材料出入库表!I:I,原材料出入库表!F:F,A9,原材料出入库表!D:D,"报损出库（需要走报损流程）") -> 100 | E9: =C9-D9 -> -100 | F9: =IFERROR(IF(E9<=VLOOKUP(A9,基础信息表!E:I,3,0),"警告：库存过低，请及时补充库存",""),"") -> 警告：库存过低，请及时补充库存 | G9: =IFERROR(IF(E9>=VLOOKUP(A9,基础信息表!E:I,4,0),"预警：库存过高，请及时去库存",""),"")
A10: =基础信息表!E10 -> YL1008 | B10: =基础信息表!F10 -> 原料8 | C10: =SUMIFS(原材料出入库表!I:I,原材料出入库表!F:F,A10,原材料出入库表!D:D,"采购入库") -> 0 | D10: =SUMIFS(原材料出入库表!I:I,原材料出入库表!F:F,A10,原材料出入库表!D:D,"生产出库")+SUMIFS(原材料出入库表!I:I,原材料出入库表!F:F,A10,原材料出入库表!D:D,"退货出库")+SUMIFS(原材料出入库表!I:I,原材料出入库表!F:F,A10,原材料出入库表!D:D,"报损出库（需要走报损流程）") -> 0 | E10: =C10-D10 -> 0 | F10: =IFERROR(IF(E10<=VLOOKUP(A10,基础信息表!E:I,3,0),"警告：库存过低，请及时补充库存",""),"") -> 警告：库存过低，请及时补充库存 | G10: =IFERROR(IF(E10>=VLOOKUP(A10,基础信息表!E:I,4,0),"预警：库存过高，请及时去库存",""),"")
A11: =基础信息表!E11 -> YL1009 | B11: =基础信息表!F11 -> 原料9 | C11: =SUMIFS(原材料出入库表!I:I,原材料出入库表!F:F,A11,原材料出入库表!D:D,"采购入库") -> 20 | D11: =SUMIFS(原材料出入库表!I:I,原材料出入库表!F:F,A11,原材料出入库表!D:D,"生产出库")+SUMIFS(原材料出入库表!I:I,原材料出入库表!F:F,A11,原材料出入库表!D:D,"退货出库")+SUMIFS(原材料出入库表!I:I,原材料出入库表!F:F,A11,原材料出入库表!D:D,"报损出库（需要走报损流程）") -> 0 | E11: =C11-D11 -> 20 | F11: =IFERROR(IF(E11<=VLOOKUP(A11,基础信息表!E:I,3,0),"警告：库存过低，请及时补充库存",""),"") | G11: =IFERROR(IF(E11>=VLOOKUP(A11,基础信息表!E:I,4,0),"预警：库存过高，请及时去库存",""),"") -> 预警：库存过高，请及时去库存
A12: =基础信息表!E12 -> YL1010 | B12: =基础信息表!F12 -> 原料10 | C12: =SUMIFS(原材料出入库表!I:I,原材料出入库表!F:F,A12,原材料出入库表!D:D,"采购入库") -> 0 | D12: =SUMIFS(原材料出入库表!I:I,原材料出入库表!F:F,A12,原材料出入库表!D:D,"生产出库")+SUMIFS(原材料出入库表!I:I,原材料出入库表!F:F,A12,原材料出入库表!D:D,"退货出库")+SUMIFS(原材料出入库表!I:I,原材料出入库表!F:F,A12,原材料出入库表!D:D,"报损出库（需要走报损流程）") -> 0 | E12: =C12-D12 -> 0 | F12: =IFERROR(IF(E12<=VLOOKUP(A12,基础信息表!E:I,3,0),"警告：库存过低，请及时补充库存",""),"") -> 警告：库存过低，请及时补充库存 | G12: =IFERROR(IF(E12>=VLOOKUP(A12,基础信息表!E:I,4,0),"预警：库存过高，请及时去库存",""),"")
A13: =基础信息表!E13 -> 0 | B13: =基础信息表!F13 -> 0 | C13: =SUMIFS(原材料出入库表!I:I,原材料出入库表!F:F,A13,原材料出入库表!D:D,"采购入库") -> 0 | D13: =SUMIFS(原材料出入库表!I:I,原材料出入库表!F:F,A13,原材料出入库表!D:D,"生产出库")+SUMIFS(原材料出入库表!I:I,原材料出入库表!F:F,A13,原材料出入库表!D:D,"退货出库")+SUMIFS(原材料出入库表!I:I,原材料出入库表!F:F,A13,原材料出入库表!D:D,"报损出库（需要走报损流程）") -> 0 | E13: =C13-D13 -> 0 | F13: =IFERROR(IF(E13<=VLOOKUP(A13,基础信息表!E:I,3,0),"警告：库存过低，请及时补充库存",""),"") | G13: =IFERROR(IF(E13>=VLOOKUP(A13,基础信息表!E:I,4,0),"预警：库存过高，请及时去库存",""),"")
A14: =基础信息表!E14 -> 0 | B14: =基础信息表!F14 -> 0 | C14: =SUMIFS(原材料出入库表!I:I,原材料出入库表!F:F,A14,原材料出入库表!D:D,"采购入库") -> 0 | D14: =SUMIFS(原材料出入库表!I:I,原材料出入库表!F:F,A14,原材料出入库表!D:D,"生产出库")+SUMIFS(原材料出入库表!I:I,原材料出入库表!F:F,A14,原材料出入库表!D:D,"退货出库")+SUMIFS(原材料出入库表!I:I,原材料出入库表!F:F,A14,原材料出入库表!D:D,"报损出库（需要走报损流程）") -> 0 | E14: =C14-D14 -> 0 | F14: =IFERROR(IF(E14<=VLOOKUP(A14,基础信息表!E:I,3,0),"警告：库存过低，请及时补充库存",""),"") | G14: =IFERROR(IF(E14>=VLOOKUP(A14,基础信息表!E:I,4,0),"预警：库存过高，请及时去库存",""),"")
... A56: =基础信息表!E56 -> 0 | B56: =基础信息表!F56 -> 0 | C56: =SUMIFS(原材料出入库表!I:I,原材料出入库表!F:F,A56,原材料出入库表!D:D,"采购入库") -> 0 | D56: =SUMIFS(原材料出入库表!I:I,原材料出入库表!F:F,A56,原材料出入库表!D:D,"生产出库")+SUMIFS(原材料出入库表!I:I,原材料出入库表!F:F,A56,原材料出入库表!D:D,"退货出库")+SUMIFS(原材料出入库表!I:I,原材料出入库表!F:F,A56,原材料出入库表!D:D,"报损出库（需要走报损流程）") -> 0 | E56: =C56-D56 -> 0 | F56: =IFERROR(IF(E56<=VLOOKUP(A56,基础信息表!E:I,3,0),"警告：库存过低，请及时补充库存",""),"") | G56: =IFERROR(IF(E56>=VLOOKUP(A56,基础信息表!E:I,4,0),"预警：库存过高，请及时去库存",""),"")

Sheet 成品库存表
A1: 成品库存表（自动）
A2: 成品编号 | B2: 成品名称 | C2: 入库数量 | D2: 出库数量 | E2: 现有库存 | F2: 最低预警 | G2: 最高预警 | H2: 备注
A3: =基础信息表!A3 -> GP1001 | B3: =基础信息表!B3 -> 成品1 | C3: =SUMIFS(成品出入库表!J:J,成品出入库表!H:H,A3,成品出入库表!D:D,"退货入库") -> 10 | D3: =SUMIFS(成品出入库表!J:J,成品出入库表!H:H,A3,成品出入库表!D:D,"销售出库")+SUMIFS(成品出入库表!J:J,成品出入库表!H:H,A3,成品出入库表!D:D,"领用出库")+SUMIFS(成品出入库表!J:J,成品出入库表!H:H,A3,成品出入库表!D:D,"报损出库") -> 23 | E3: =C3-D3 -> -13 | F3: =IFERROR(IF(E3<=VLOOKUP(A3,基础信息表!E:I,3,0),"警告：库存过低，请及时补充库存",""),"") | G3: =IFERROR(IF(E3>=VLOOKUP(A3,基础信息表!E:I,4,0),"预警：库存过高，请及时去库存",""),"")
A4: =基础信息表!A4 -> GP1002 | B4: =基础信息表!B4 -> 成品2 | C4: =SUMIFS(成品出入库表!J:J,成品出入库表!H:H,A4,成品出入库表!D:D,"退货入库") -> 0 | D4: =SUMIFS(成品出入库表!J:J,成品出入库表!H:H,A4,成品出入库表!D:D,"销售出库")+SUMIFS(成品出入库表!J:J,成品出入库表!H:H,A4,成品出入库表!D:D,"领用出库")+SUMIFS(成品出入库表!J:J,成品出入库表!H:H,A4,成品出入库表!D:D,"报损出库") -> 0 | E4: =C4-D4 -> 0 | F4: =IFERROR(IF(E4<=VLOOKUP(A4,基础信息表!E:I,3,0),"警告：库存过低，请及时补充库存",""),"") | G4: =IFERROR(IF(E4>=VLOOKUP(A4,基础信息表!E:I,4,0),"预警：库存过高，请及时去库存",""),"")
A5: =基础信息表!A5 -> GP1003 | B5: =基础信息表!B5 -> 成品3 | C5: =SUMIFS(成品出入库表!J:J,成品出入库表!H:H,A5,成品出入库表!D:D,"退货入库") -> 0 | D5: =SUMIFS(成品出入库表!J:J,成品出入库表!H:H,A5,成品出入库表!D:D,"销售出库")+SUMIFS(成品出入库表!J:J,成品出入库表!H:H,A5,成品出入库表!D:D,"领用出库")+SUMIFS(成品出入库表!J:J,成品出入库表!H:H,A5,成品出入库表!D:D,"报损出库") -> 0 | E5: =C5-D5 -> 0 | F5: =IFERROR(IF(E5<=VLOOKUP(A5,基础信息表!E:I,3,0),"警告：库存过低，请及时补充库存",""),"") | G5: =IFERROR(IF(E5>=VLOOKUP(A5,基础信息表!E:I,4,0),"预警：库存过高，请及时去库存",""),"")
A6: =基础信息表!A6 -> GP1004 | B6: =基础信息表!B6 -> 成品4 | C6: =SUMIFS(成品出入库表!J:J,成品出入库表!H:H,A6,成品出入库表!D:D,"退货入库") -> 0 | D6: =SUMIFS(成品出入库表!J:J,成品出入库表!H:H,A6,成品出入库表!D:D,"销售出库")+SUMIFS(成品出入库表!J:J,成品出入库表!H:H,A6,成品出入库表!D:D,"领用出库")+SUMIFS(成品出入库表!J:J,成品出入库表!H:H,A6,成品出入库表!D:D,"报损出库") -> 0 | E6: =C6-D6 -> 0 | F6: =IFERROR(IF(E6<=VLOOKUP(A6,基础信息表!E:I,3,0),"警告：库存过低，请及时补充库存",""),"") | G6: =IFERROR(IF(E6>=VLOOKUP(A6,基础信息表!E:I,4,0),"预警：库存过高，请及时去库存",""),"")
A7: =基础信息表!A7 -> GP1005 | B7: =基础信息表!B7 -> 成品5 | C7: =SUMIFS(成品出入库表!J:J,成品出入库表!H:H,A7,成品出入库表!D:D,"退货入库") -> 0 | D7: =SUMIFS(成品出入库表!J:J,成品出入库表!H:H,A7,成品出入库表!D:D,"销售出库")+SUMIFS(成品出入库表!J:J,成品出入库表!H:H,A7,成品出入库表!D:D,"领用出库")+SUMIFS(成品出入库表!J:J,成品出入库表!H:H,A7,成品出入库表!D:D,"报损出库") -> 0 | E7: =C7-D7 -> 0 | F7: =IFERROR(IF(E7<=VLOOKUP(A7,基础信息表!E:I,3,0),"警告：库存过低，请及时补充库存",""),"") | G7: =IFERROR(IF(E7>=VLOOKUP(A7,基础信息表!E:I,4,0),"预警：库存过高，请及时去库存",""),"")
A8: =基础信息表!A8 -> GP1006 | B8: =基础信息表!B8 -> 成品6 | C8: =SUMIFS(成品出入库表!J:J,成品出入库表!H:H,A8,成品出入库表!D:D,"退货入库") -> 0 | D8: =SUMIFS(成品出入库表!J:J,成品出入库表!H:H,A8,成品出入库表!D:D,"销售出库")+SUMIFS(成品出入库表!J:J,成品出入库表!H:H,A8,成品出入库表!D:D,"领用出库")+SUMIFS(成品出入库表!J:J,成品出入库表!H:H,A8,成品出入库表!D:D,"报损出库") -> 0 | E8: =C8-D8 -> 0 | F8: =IFERROR(IF(E8<=VLOOKUP(A8,基础信息表!E:I,3,0),"警告：库存过低，请及时补充库存",""),"") | G8: =IFERROR(IF(E8>=VLOOKUP(A8,基础信息表!E:I,4,0),"预警：库存过高，请及时去库存",""),"")
A9: =基础信息表!A9 -> GP1007 | B9: =基础信息表!B9 -> 成品7 | C9: =SUMIFS(成品出入库表!J:J,成品出入库表!H:H,A9,成品出入库表!D:D,"退货入库") -> 0 | D9: =SUMIFS(成品出入库表!J:J,成品出入库表!H:H,A9,成品出入库表!D:D,"销售出库")+SUMIFS(成品出入库表!J:J,成品出入库表!H:H,A9,成品出入库表!D:D,"领用出库")+SUMIFS(成品出入库表!J:J,成品出入库表!H:H,A9,成品出入库表!D:D,"报损出库") -> 0 | E9: =C9-D9 -> 0 | F9: =IFERROR(IF(E9<=VLOOKUP(A9,基础信息表!E:I,3,0),"警告：库存过低，请及时补充库存",""),"") | G9: =IFERROR(IF(E9>=VLOOKUP(A9,基础信息表!E:I,4,0),"预警：库存过高，请及时去库存",""),"")
A10: =基础信息表!A10 -> GP1008 | B10: =基础信息表!B10 -> 成品8 | C10: =SUMIFS(成品出入库表!J:J,成品出入库表!H:H,A10,成品出入库表!D:D,"退货入库") -> 0 | D10: =SUMIFS(成品出入库表!J:J,成品出入库表!H:H,A10,成品出入库表!D:D,"销售出库")+SUMIFS(成品出入库表!J:J,成品出入库表!H:H,A10,成品出入库表!D:D,"领用出库")+SUMIFS(成品出入库表!J:J,成品出入库表!H:H,A10,成品出入库表!D:D,"报损出库") -> 0 | E10: =C10-D10 -> 0 | F10: =IFERROR(IF(E10<=VLOOKUP(A10,基础信息表!E:I,3,0),"警告：库存过低，请及时补充库存",""),"") | G10: =IFERROR(IF(E10>=VLOOKUP(A10,基础信息表!E:I,4,0),"预警：库存过高，请及时去库存",""),"")
A11: =基础信息表!A11 -> GP1009 | B11: =基础信息表!B11 -> 成品9 | C11: =SUMIFS(成品出入库表!J:J,成品出入库表!H:H,A11,成品出入库表!D:D,"退货入库") -> 0 | D11: =SUMIFS(成品出入库表!J:J,成品出入库表!H:H,A11,成品出入库表!D:D,"销售出库")+SUMIFS(成品出入库表!J:J,成品出入库表!H:H,A11,成品出入库表!D:D,"领用出库")+SUMIFS(成品出入库表!J:J,成品出入库表!H:H,A11,成品出入库表!D:D,"报损出库") -> 0 | E11: =C11-D11 -> 0 | F11: =IFERROR(IF(E11<=VLOOKUP(A11,基础信息表!E:I,3,0),"警告：库存过低，请及时补充库存",""),"") | G11: =IFERROR(IF(E11>=VLOOKUP(A11,基础信息表!E:I,4,0),"预警：库存过高，请及时去库存",""),"")
A12: =基础信息表!A12 -> GP1010 | B12: =基础信息表!B12 -> 成品10 | C12: =SUMIFS(成品出入库表!J:J,成品出入库表!H:H,A12,成品出入库表!D:D,"退货入库") -> 0 | D12: =SUMIFS(成品出入库表!J:J,成品出入库表!H:H,A12,成品出入库表!D:D,"销售出库")+SUMIFS(成品出入库表!J:J,成品出入库表!H:H,A12,成品出入库表!D:D,"领用出库")+SUMIFS(成品出入库表!J:J,成品出入库表!H:H,A12,成品出入库表!D:D,"报损出库") -> 0 | E12: =C12-D12 -> 0 | F12: =IFERROR(IF(E12<=VLOOKUP(A12,基础信息表!E:I,3,0),"警告：库存过低，请及时补充库存",""),"") | G12: =IFERROR(IF(E12>=VLOOKUP(A12,基础信息表!E:I,4,0),"预警：库存过高，请及时去库存",""),"")
A13: =基础信息表!A13 -> 0 | B13: =基础信息表!B13 -> 0 | C13: =SUMIFS(成品出入库表!J:J,成品出入库表!H:H,A13,成品出入库表!D:D,"退货入库") -> 0 | D13: =SUMIFS(成品出入库表!J:J,成品出入库表!H:H,A13,成品出入库表!D:D,"销售出库")+SUMIFS(成品出入库表!J:J,成品出入库表!H:H,A13,成品出入库表!D:D,"领用出库")+SUMIFS(成品出入库表!J:J,成品出入库表!H:H,A13,成品出入库表!D:D,"报损出库") -> 0 | E13: =C13-D13 -> 0 | F13: =IFERROR(IF(E13<=VLOOKUP(A13,基础信息表!E:I,3,0),"警告：库存过低，请及时补充库存",""),"") | G13: =IFERROR(IF(E13>=VLOOKUP(A13,基础信息表!E:I,4,0),"预警：库存过高，请及时去库存",""),"")
A14: =基础信息表!A14 -> 0 | B14: =基础信息表!B14 -> 0 | C14: =SUMIFS(成品出入库表!J:J,成品出入库表!H:H,A14,成品出入库表!D:D,"退货入库") -> 0 | D14: =SUMIFS(成品出入库表!J:J,成品出入库表!H:H,A14,成品出入库表!D:D,"销售出库")+SUMIFS(成品出入库表!J:J,成品出入库表!H:H,A14,成品出入库表!D:D,"领用出库")+SUMIFS(成品出入库表!J:J,成品出入库表!H:H,A14,成品出入库表!D:D,"报损出库") -> 0 | E14: =C14-D14 -> 0 | F14: =IFERROR(IF(E14<=VLOOKUP(A14,基础信息表!E:I,3,0),"警告：库存过低，请及时补充库存",""),"") | G14: =IFERROR(IF(E14>=VLOOKUP(A14,基础信息表!E:I,4,0),"预警：库存过高，请及时去库存",""),"")
... A56: =基础信息表!A56 -> 0 | B56: =基础信息表!B56 -> 0 | C56: =SUMIFS(成品出入库表!J:J,成品出入库表!H:H,A56,成品出入库表!D:D,"退货入库") -> 0 | D56: =SUMIFS(成品出入库表!J:J,成品出入库表!H:H,A56,成品出入库表!D:D,"销售出库")+SUMIFS(成品出入库表!J:J,成品出入库表!H:H,A56,成品出入库表!D:D,"领用出库")+SUMIFS(成品出入库表!J:J,成品出入库表!H:H,A56,成品出入库表!D:D,"报损出库") -> 0 | E56: =C56-D56 -> 0 | F56: =IFERROR(IF(E56<=VLOOKUP(A56,基础信息表!E:I,3,0),"警告：库存过低，请及时补充库存",""),"") | G56: =IFERROR(IF(E56>=VLOOKUP(A56,基础信息表!E:I,4,0),"预警：库存过高，请及时去库存",""),"")

Sheet 使用说明

Sheet Sheet1
A1: 原材料出入库表-D列 | B1: 成品出入库表-E列 | C1: 成品出入库表-D列
A2: 采购入库 | B2: 淘宝 | C2: 销售出库
A3: 退货出库 | B3: 小红书 | C3: 退货入库
A4: 生产出库 | B4: 京东 | C4: 领用出库
A5: 报损出库（需要走报损流程） | B5: 抖音 | C5: 报损出库
A6: 领用出库 | B6: 线下
A7: 退货出库
